,national_demand_mw,temperature_2m_c,relative_humidity_pct,cloud_cover_pct,precipitation_mm,solar_radiation_w_m2,wind_speed_10m_kmh,wind_speed_10m_ms,solar_generation_kw,wind_power_potential_kw,combined_renewable_kw
national_demand_mw,1.0,0.3799525490729978,-0.3110744118704677,0.03546114614518285,-0.005734791082269409,0.30106940830821044,0.11216137265105594,0.06424616296405548,0.28910925131644527,0.02572096188880123,0.29025029321868145
temperature_2m_c,0.3799525490729978,1.0,-0.5880268968306018,0.09539663168747498,0.017459039509941418,0.4862935227031697,0.20887103364614465,0.09097358536158974,0.3653661493193981,0.07248735137300201,0.3709166681872235
relative_humidity_pct,-0.3110744118704677,-0.5880268968306018,1.0,0.24204243866365488,0.14697359791653306,-0.5181698829128808,-0.2859001648051311,-0.12900363007041193,-0.5013724789785278,-0.04922831473758553,-0.5038263338808067
cloud_cover_pct,0.03546114614518285,0.09539663168747498,0.24204243866365488,1.0,0.21088376893161406,-0.025611595042568287,-0.012230053969178487,-0.03137167153431687,-0.06347786594748794,0.013748942192574153,-0.06173525496928251
precipitation_mm,-0.005734791082269409,0.017459039509941418,0.14697359791653306,0.21088376893161406,1.0,-0.027991431706183824,0.032654410985238226,0.026614623445711947,-0.03375684077631956,0.02008649782550225,-0.0315174004766955
solar_radiation_w_m2,0.30106940830821044,0.4862935227031697,-0.5181698829128808,-0.025611595042568287,-0.027991431706183824,1.0,0.23671367261944912,0.045883972352541505,0.9539641954171598,0.010761235692380852,0.9501138685488008
wind_speed_10m_kmh,0.11216137265105594,0.20887103364614465,-0.2859001648051311,-0.012230053969178487,0.032654410985238226,0.23671367261944912,1.0,0.4285883065189264,0.21489571007922917,0.26127309204963234,0.24062735318882203
wind_speed_10m_ms,0.06424616296405548,0.09097358536158974,-0.12900363007041193,-0.03137167153431687,0.026614623445711947,0.045883972352541505,0.4285883065189264,1.0,0.03730333044552249,0.5862777453393239,0.09735468782043374
solar_generation_kw,0.28910925131644527,0.3653661493193981,-0.5013724789785278,-0.06347786594748794,-0.03375684077631956,0.9539641954171598,0.21489571007922917,0.03730333044552249,1.0,-0.0009573642013020962,0.9947063144417175
wind_power_potential_kw,0.02572096188880123,0.07248735137300201,-0.04922831473758553,0.013748942192574153,0.02008649782550225,0.010761235692380852,0.26127309204963234,0.5862777453393239,-0.0009573642013020962,1.0,0.10180634493691501
combined_renewable_kw,0.29025029321868145,0.3709166681872235,-0.5038263338808067,-0.06173525496928251,-0.0315174004766955,0.9501138685488008,0.24062735318882203,0.09735468782043374,0.9947063144417175,0.10180634493691501,1.0
