datetime,national_demand_mw,north_demand_mw,west_demand_mw,east_demand_mw,south_demand_mw,north_east_demand_mw,temperature_2m_c,relative_humidity_pct,cloud_cover_pct,precipitation_mm,wind_speed_10m_kmh,solar_radiation_w_m2,wind_speed_10m_ms,solar_generation_kw,solar_imputed,solar_irradiance_proxy_w_m2,hour,day_of_week,month,year,is_weekend,wind_power_potential_kw,combined_renewable_kw,facility_demand_kw,energy_balance_kw
2019-01-01,137954.77670698924,38920.00447580645,45590.290080645165,14574.432217741936,37151.789556451615,1718.2602284946238,12.946102150537634,70.28897849462365,25.974462365591396,0.03602150537634409,9.533736559139786,149.41129032258064,2.983467741935484,199.0904614685484,0.0,199.09045564516128,11.5,2.903225806451613,1.0,2019.0,0.25806451612903225,4.625835499727127,203.71629696827551,8277.286602419354,-8073.570305451079
2019-02-01,140545.37046130953,37102.426145833335,46269.71363095238,14720.223735119047,40774.31029761905,1678.6965625,15.095535714285715,75.28125,43.42113095238095,0.07261904761904761,10.032589285714286,168.22619047619048,2.9020386904761906,190.03961769645835,0.0,190.03961458333333,11.5,3.0,2.0,2019.0,0.2857142857142857,2.9167918360931475,192.95640953255148,8432.72222767857,-8239.76581814602
2019-03-01,147127.42639784946,37318.11206989247,47102.48309139785,16007.335833333333,45016.14248655914,1683.3532795698925,20.32567204301075,57.38172043010753,27.490591397849464,0.01827956989247312,10.184139784946236,225.68682795698925,3.2222043010752692,217.0200042318145,0.0,217.0199946236559,11.5,3.193548387096774,3.0,2019.0,0.3225806451612903,4.958305240276119,221.97830947209064,8827.645583870968,-8605.667274398877
2019-04-01,154253.92881944444,40932.27520833333,50466.29115277778,17939.799194444444,43229.88622222222,1685.6770833333333,29.134166666666665,39.8875,23.5875,0.007638888888888889,10.487361111111111,257.7527777777778,3.1029305555555555,218.89072815331946,0.0,218.89071805555557,11.5,2.8333333333333335,4.0,2019.0,0.26666666666666666,7.313376369836915,226.20410452315636,9255.235729166667,-9029.03162464351
2019-05-01,162908.70752688174,49183.587513440856,51423.88047043011,18893.70137096774,41712.07384408602,1695.4641397849464,32.15739247311828,31.428763440860216,19.111559139784948,0.004704301075268817,11.346236559139786,263.369623655914,3.725806451612903,213.87076294907257,0.0,213.87076612903226,11.5,3.0,5.0,2019.0,0.25806451612903225,14.515787206661063,228.38655015573366,9774.522451612904,-9546.13590145717
2019-06-01,163969.33390277778,55964.65941666667,48040.632125000004,18829.077666666668,39056.13431944445,2078.830236111111,34.67986111111111,40.42638888888889,16.863888888888887,0.014861111111111113,11.249583333333334,253.95,3.4010416666666665,195.88715271944446,0.0,195.88715277777777,11.5,3.1666666666666665,6.0,2019.0,0.3333333333333333,13.592999013107757,209.48015173255223,9838.160034166665,-9628.679882434113
2019-07-01,155611.27724462366,53456.62225806452,45009.5173655914,18270.92670698925,36868.98819892473,2005.2230376344085,30.644086021505377,71.6236559139785,64.77150537634408,0.2485215053763441,9.573118279569892,209.05241935483872,3.0116801075268818,146.77859403252688,0.0,146.7786008064516,11.5,2.806451612903226,7.0,2019.0,0.25806451612903225,10.833719054677935,157.61231308720483,9336.676634677418,-9179.064321590215
2019-08-01,150993.99005376344,52070.541881720426,41401.822002688175,18859.44629032258,36430.69693548387,2231.482970430108,28.880645161290325,82.97446236559139,73.81989247311827,0.2676075268817204,9.086290322580645,205.91801075268816,2.6791129032258065,150.47267329208333,0.0,150.4726747311828,11.5,3.096774193548387,8.0,2019.0,0.2903225806451613,9.549575136067968,160.0222484281513,9059.639403225807,-8899.617154797654
2019-09-01,149896.44338888887,52636.35231944445,41081.76015277777,18212.972805555557,35852.53768055556,2112.8202083333335,28.359583333333337,80.7,50.018055555555556,0.11444444444444445,8.93138888888889,194.7875,2.352,161.23214947819446,0.0,161.23215694444445,11.5,3.0,9.0,2019.0,0.3,0.8786929850632526,162.1108424632577,8993.786603333332,-8831.675760870075
2019-10-01,132021.95279569892,39935.410927419354,40890.2177016129,16194.161223118279,33124.309932795695,1877.8526478494625,25.821236559139784,61.744623655913976,18.858870967741936,0.01989247311827957,7.552150537634409,189.63440860215053,2.158306451612903,196.1956455549059,0.0,196.1956370967742,11.5,2.903225806451613,10.0,2019.0,0.25806451612903225,0.3364729652491998,196.5321185201551,7921.317167741935,-7724.78504922178
2019-11-01,130624.57868055557,35930.219333333334,43334.080916666666,14288.998763888889,35341.481041666666,1729.798763888889,20.986805555555556,66.64861111111111,36.24583333333333,0.03527777777777778,9.388333333333334,147.87777777777777,2.6836527777777777,178.5393295222222,0.0,178.5393347222222,11.5,3.1,11.0,2019.0,0.3,2.9662126828989486,181.50554220512117,7837.474720833333,-7655.969178628211
2019-12-01,135798.0959139785,37998.759233870966,45335.74623655914,14160.859610215055,36617.65547043011,1685.0753897849463,12.527284946236557,79.79704301075269,34.31586021505376,0.013172043010752688,7.947177419354839,131.55107526881721,2.320793010752688,171.9234235772984,0.0,171.92342876344085,11.5,2.935483870967742,12.0,2019.0,0.2903225806451613,0.48039694234258146,172.40382051964096,8147.8857548387095,-7975.481934319068
2020-01-01,141398.86491935485,40033.27369623656,45026.09840053764,14527.449637096774,40090.8975,1721.1460752688172,12.6625,79.94623655913979,35.15456989247312,0.0885752688172043,9.238306451612903,136.69489247311827,2.645537634408602,177.0036770190793,0.0,177.00367741935486,11.5,3.0,1.0,2020.0,0.25806451612903225,2.1332547347227755,179.1369317538021,8483.931895161291,-8304.794963407488
2020-02-01,149529.6798275862,40143.35288793103,48997.67880747127,14854.866609195402,43813.17961206897,1720.6018103448278,15.988793103448277,69.70114942528735,20.688218390804597,0.04037356321839081,11.375862068965517,188.17672413793105,3.2932758620689655,216.50370979209768,0.0,216.50371120689658,11.5,3.0689655172413794,2.0,2020.0,0.3103448275862069,7.628727155369504,224.1324369474672,8971.780789655171,-8747.648352707705
2020-03-01,133972.82608870967,31578.926532258065,43474.2086827957,14071.192258064515,43238.42385752688,1610.0745698924732,19.82002688172043,70.35887096774194,35.62096774193548,0.08763440860215053,9.957930107526881,215.46102150537635,2.807755376344086,208.51581565627689,0.0,208.51582258064516,11.5,2.935483870967742,3.0,2020.0,0.2903225806451613,3.63750079833916,212.15331645461606,8038.3695653225805,-7826.216248867964
2020-04-01,116487.63347222221,30033.202611111108,37405.18220833333,13403.376291666666,34299.62965277778,1346.2425277777777,26.98013888888889,46.520833333333336,35.02916666666667,0.007638888888888889,10.409027777777778,251.975,2.934347222222222,219.6569841670139,0.0,219.65697638888886,11.5,2.966666666666667,4.0,2020.0,0.26666666666666666,3.655592141060814,223.3125763080747,6989.258008333333,-6765.945432025259
2020-05-01,136450.95774193548,40797.532768817204,42344.50744623656,14963.220887096773,36695.615349462365,1650.0807123655914,31.116397849462363,42.376344086021504,24.107526881720432,0.0456989247311828,11.068951612903225,250.58870967741936,3.3889650537634406,211.41130888259408,0.0,211.4113185483871,11.5,3.193548387096774,5.0,2020.0,0.3225806451612903,11.514777654247238,222.9260865368413,8187.057464516129,-7964.131377979287
2020-06-01,145880.889375,51775.60297222222,38864.604666666666,17636.305875000002,35648.20383333333,1956.1718472222221,32.33777777777778,56.954166666666666,22.931944444444444,0.01513888888888889,9.259861111111112,244.35694444444445,2.7543055555555553,185.35489325972222,0.0,185.35490416666664,11.5,2.8333333333333335,6.0,2020.0,0.26666666666666666,5.570096456332877,190.9249897160551,8752.8533625,-8561.928372783945
2020-07-01,150839.93678763442,55143.490618279575,40674.226747311826,18659.268333333333,34342.07108870968,2020.8800806451613,30.817473118279572,72.11155913978494,53.295698924731184,0.15309139784946238,10.14233870967742,223.61693548387098,2.9849731182795702,157.1610102936828,0.0,157.16100672043012,11.5,3.0,7.0,2020.0,0.25806451612903225,4.750863755033409,161.91187404871621,9050.396207258063,-8888.484333209348
2020-08-01,146913.2021236559,52868.51826612904,37898.511465053765,18592.5551344086,35351.43021505376,2202.186935483871,29.0377688172043,82.03629032258064,62.704301075268816,0.28091397849462363,10.533064516129032,197.2983870967742,3.0370698924731183,137.56008963239248,0.0,137.56007930107526,11.5,3.064516129032258,8.0,2020.0,0.3225806451612903,14.612306455300379,152.17239608769285,8814.792127419354,-8662.619731331662
2020-09-01,156129.4719861111,56667.37484722222,43274.34441666667,19053.39551388889,34963.498430555555,2170.858583333333,29.700694444444444,69.19583333333334,28.351388888888888,0.05333333333333333,7.931666666666667,225.35833333333332,2.2003472222222222,187.69581615336108,0.0,187.69581666666667,11.5,2.9,9.0,2020.0,0.26666666666666666,0.9592586915104404,188.65507484487154,9367.768319166666,-9179.113244321796
2020-10-01,147381.72887096775,45562.3274327957,46688.96284946236,18506.775887096774,34497.982432795696,2125.6807123655913,25.9752688172043,48.40456989247312,4.440860215053763,0.0,7.92997311827957,209.66801075268816,2.40260752688172,214.0594940538441,0.0,214.05950134408602,11.5,3.096774193548387,10.0,2020.0,0.2903225806451613,1.0214625186217678,215.08095657246585,8842.903732258064,-8627.822775685598
2020-11-01,135352.73641666665,37001.63041666667,47075.33536111111,14802.741472222222,34691.708763888884,1781.3202500000002,19.15125,55.17916666666667,12.283333333333333,0.018194444444444444,8.614027777777778,164.27777777777777,2.622472222222222,198.5000463472222,0.0,198.5000347222222,11.5,3.0,11.0,2020.0,0.3,1.3462664151806127,199.84631276240285,8121.1641850000005,-7921.317872237597
2020-12-01,143627.1016129032,41068.46084677419,49495.87465053764,14894.927728494624,36382.88841397849,1784.95,14.728494623655914,68.29704301075269,12.741935483870968,0.0017473118279569893,9.221639784946236,146.20430107526883,2.9896102150537636,201.57712010537634,0.0,201.577125,11.5,2.903225806451613,12.0,2020.0,0.25806451612903225,1.5815544732805287,203.15867457865687,8617.626096774193,-8414.467422195536
2021-01-01,149502.71802419354,41761.48694892473,50639.64850806452,15814.549556451611,39461.48944892473,1825.543696236559,13.098252688172044,78.98118279569893,19.599462365591396,0.03588709677419355,10.236424731182796,150.94489247311827,2.921774193548387,197.5959911579301,0.0,197.59599731182794,11.5,3.193548387096774,1.0,2021.0,0.3225806451612903,2.0062643996047025,199.60225555753482,8970.163081451612,-8770.560825894077
2021-02-01,155481.11791666667,41738.91324404762,51758.73589285715,16361.938273809523,43815.334017857145,1806.1965327380954,18.120684523809523,68.47470238095238,13.632440476190476,0.016517857142857143,8.688690476190477,200.22619047619048,2.513809523809524,225.84227846056547,0.0,225.84227529761904,11.5,3.0,2.0,2021.0,0.2857142857142857,0.7790685279084199,226.6213469884739,9328.867075,-9102.245728011525
2021-03-01,164346.76698924732,41678.775,53345.47,18741.667916666665,48756.77791666667,1824.0761155913976,24.56061827956989,45.71774193548387,15.361559139784946,0.0020161290322580645,11.233736559139784,241.03629032258064,3.2727284946236557,232.10674107982527,0.0,232.1067298387097,11.5,2.806451612903226,3.0,2021.0,0.25806451612903225,12.700338344617018,244.8070794244423,9860.806019354839,-9615.998939930396
2021-04-01,164736.76520833332,41729.03738888889,54130.44586111112,20436.826083333333,46523.52208333333,1916.934361111111,28.86513888888889,26.115277777777777,17.97361111111111,0.0036111111111111114,11.589305555555555,268.125,3.348986111111111,232.4604030229861,0.0,232.46040833333333,11.5,3.033333333333333,4.0,2021.0,0.26666666666666666,6.672371978356957,239.13277500134305,9884.2059125,-9645.073137498655
2021-05-01,147436.8451075269,42717.3509811828,47112.21400537634,17833.485336021506,37857.76669354839,1916.028306451613,29.74005376344086,48.458333333333336,30.375,0.19798387096774195,10.443951612903225,234.54435483870967,2.988360215053764,196.21529999159947,0.0,196.2152930107527,11.5,3.064516129032258,5.0,2021.0,0.3225806451612903,8.546563231042672,204.76186322264215,8846.210706451613,-8641.448843228969
2021-06-01,158375.4623888889,53974.86445833333,45013.91529166667,19023.359694444443,38202.923111111115,2160.399861111111,31.95638888888889,57.077777777777776,21.85972222222222,0.03263888888888889,9.973888888888888,248.2375,2.6858472222222223,187.57692037222222,0.0,187.57691944444446,11.5,2.9,6.0,2021.0,0.26666666666666666,8.655971957399787,196.23289232962202,9502.527743333334,-9306.294851003711
2021-07-01,167116.15766129032,59775.10139784946,46535.792137096774,20675.69314516129,37841.836169354836,2287.7346774193547,31.096370967741937,70.13172043010752,65.49193548387096,0.3791666666666667,10.091801075268817,198.56854838709677,2.8020833333333335,140.16260213145162,0.0,140.16259139784944,11.5,3.096774193548387,7.0,2021.0,0.2903225806451613,4.000564427629541,144.16316655908116,10026.969459677419,-9882.806293118338
2021-08-01,171806.1233467742,58465.83551075269,49334.176975806455,20443.051989247313,41259.39073924731,2303.667446236559,29.236962365591395,77.47177419354838,55.024193548387096,0.16801075268817203,9.16236559139785,216.65994623655914,2.4736559139784946,165.70798155903225,0.0,165.7079758064516,11.5,2.935483870967742,8.0,2021.0,0.2903225806451613,1.1395328204050326,166.84751437943729,10308.367400806452,-10141.519886427015
2021-09-01,157521.80430555556,50542.29545833333,44767.17405555556,20122.41659722222,39726.28316666667,2363.6336944444442,27.553055555555556,84.36527777777778,52.30972222222222,0.20430555555555555,9.630277777777778,181.4986111111111,3.144888888888889,147.45853740155556,0.0,147.45854583333335,11.5,2.966666666666667,9.0,2021.0,0.26666666666666666,3.0393205323121473,150.4978579338677,9451.308258333333,-9300.810400399465
2021-10-01,152612.93954301075,44898.13282258064,48370.335551075266,18868.98758064516,38233.1175672043,2242.365416666667,25.33077956989247,67.18010752688173,10.396505376344086,0.04543010752688172,9.0002688172043,192.29166666666666,2.493951612903226,198.07076626715053,0.0,198.07077688172043,11.5,3.193548387096774,10.0,2021.0,0.3225806451612903,1.5026920125521777,199.57345827970272,9156.776372580645,-8957.202914300942
2021-11-01,138534.85186111112,38589.86515277778,49292.97247222222,16249.68088888889,32571.259916666666,1831.0728055555555,19.56736111111111,61.1875,15.493055555555555,0.0,8.505416666666665,159.95833333333334,2.2861805555555557,206.73075557222222,0.0,206.73075833333334,11.5,2.8333333333333335,11.0,2021.0,0.26666666666666666,0.584442413504039,207.31519798572626,8312.091111666667,-8104.77591368094
2021-12-01,147491.20010752688,42941.22697580645,50299.01907258064,15906.741048387097,36474.95698924731,1869.2559946236559,14.464112903225805,70.43817204301075,32.92338709677419,0.020833333333333332,8.09986559139785,125.76075268817205,2.3731451612903225,175.43775148958332,0.0,175.43773924731184,11.5,3.0,12.0,2021.0,0.25806451612903225,1.0102595026328598,176.44801099221618,8849.472006451613,-8673.023995459396
2022-01-01,150439.13849462365,42240.71766129033,49297.89225806452,16868.974556451612,40128.109610215055,1903.444247311828,12.163306451612904,81.33333333333333,39.020161290322584,0.08185483870967741,9.06962365591398,128.16801075268816,2.5766129032258065,155.0015229089328,0.0,155.00153494623657,11.5,3.064516129032258,1.0,2022.0,0.3225806451612903,4.696300160774076,159.69782306970689,9026.348309677418,-8866.650486607712
2022-02-01,162328.90623511904,43507.835491071426,54596.521889880954,17152.660223214287,45182.76232142857,1889.1266815476188,15.710416666666665,70.3125,16.833333333333332,0.03467261904761905,10.634077380952382,188.9047619047619,2.989970238095238,216.5963300335119,0.0,216.59632589285715,11.5,3.0,2.0,2022.0,0.2857142857142857,6.062457827095173,222.65878786060708,9739.734374107144,-9517.075586246536
2022-03-01,174398.07510752688,45797.55193548387,57485.79561827957,19608.08614247312,49513.52184139785,1993.1201612903224,24.645430107526884,50.784946236559136,11.11021505376344,0.002150537634408602,10.67741935483871,245.19758064516128,2.8890591397849463,236.03489387229837,0.0,236.03489784946237,11.5,2.903225806451613,3.0,2022.0,0.25806451612903225,3.9054557189108663,239.94034959120927,10463.884506451612,-10223.944156860403
2022-04-01,183460.61623611112,51049.47043055556,60503.21975,22229.568513888888,47656.019625,2022.337277777778,32.11833333333333,19.03611111111111,15.840277777777779,0.0,11.696111111111112,274.9583333333333,3.0459861111111115,231.21244254672223,0.0,231.21244861111109,11.5,3.1,4.0,2022.0,0.3,5.160895797134583,236.3733383438568,11007.636974166666,-10771.26363582281
2022-05-01,181104.27955645163,57659.30618279569,58624.15435483871,21235.276518817205,41571.671693548386,2013.868870967742,32.964516129032255,40.12768817204301,14.698924731182796,0.03709677419354839,11.248387096774193,254.57930107526883,2.9458467741935483,208.87813130416666,0.0,208.8781384408602,11.5,2.935483870967742,5.0,2022.0,0.2903225806451613,7.203547417289851,216.0816787214565,10866.256773387096,-10650.175094665641
2022-06-01,184676.43541666667,63366.97602777778,54734.46926388889,22456.41598611111,42059.593819444446,2058.98025,33.43125,42.39861111111111,27.333333333333332,0.0663888888888889,12.761805555555556,244.9736111111111,3.5206944444444446,183.62844296569443,0.0,183.62843333333333,11.5,2.966666666666667,6.0,2022.0,0.26666666666666666,16.77100985368084,200.39945281937528,11080.586125,-10880.186672180625
2022-07-01,170929.68123655915,60559.52831989247,46193.572150537635,22941.614973118278,38711.28995967742,2523.6759677419354,29.650806451612905,77.44220430107526,71.88172043010752,0.29905913978494625,9.415456989247312,208.85752688172042,3.141236559139785,144.78195039045698,0.0,144.78194086021506,11.5,3.193548387096774,7.0,2022.0,0.3225806451612903,7.131509312727702,151.91345970318469,10255.780874193548,-10103.867414490363
2022-08-01,173216.66850806453,61468.67170698925,46816.44149193548,22619.5399327957,39667.34896505376,2644.666478494624,29.13790322580645,75.19354838709677,61.850806451612904,0.10793010752688172,10.736021505376344,212.95430107526883,3.182768817204301,152.14933292446239,0.0,152.14932661290322,11.5,2.806451612903226,8.0,2022.0,0.25806451612903225,23.852796849418116,176.00212977388048,10393.00011048387,-10216.99798070999
2022-09-01,175498.29323611112,59881.61644444445,49738.4255,22639.66184722222,40740.29861111111,2498.2898472222223,28.677083333333332,72.0736111111111,38.1,0.23458333333333334,9.825833333333334,204.47222222222223,2.703222222222222,157.88832576542362,0.0,157.88833194444445,11.5,3.033333333333333,9.0,2022.0,0.26666666666666666,3.823215742645938,161.71154150806953,10529.897594166667,-10368.186052658597
2022-10-01,153015.19903225807,45160.92201612903,48437.95959677419,20470.807956989247,36790.20384408602,2155.3056048387098,24.193817204301077,69.9475806451613,17.583333333333332,0.12217741935483872,8.245430107526882,179.92741935483872,2.2871370967741935,185.07999106724463,0.0,185.07998521505374,11.5,3.064516129032258,10.0,2022.0,0.3225806451612903,1.7850796790418455,186.86507074628648,9180.911941935483,-8994.046871189197
2022-11-01,155808.97030555556,43701.533,54805.765222222224,17211.09626388889,38170.727013888885,1919.8477361111113,19.845555555555556,64.26666666666667,15.384722222222223,0.010555555555555556,8.755972222222223,157.23333333333332,2.590638888888889,203.7088139208333,0.0,203.70880694444443,11.5,2.9,11.0,2022.0,0.26666666666666666,1.4014640927450084,205.11027801357835,9348.538218333333,-9143.427940319756
2022-12-01,161816.1609408602,46224.382580645164,57071.57528225806,16907.184045698923,39698.44494623656,1914.574193548387,14.69744623655914,72.46370967741936,10.612903225806452,0.0,9.941129032258065,140.875,2.867298387096774,201.840471157043,0.0,201.8404744623656,11.5,3.096774193548387,12.0,2022.0,0.2903225806451613,2.5583954931634145,204.39886665020643,9708.969656451613,-9504.570789801406
2023-01-01,168645.05197580645,48506.97274193548,56511.02684139785,17895.792674731183,43760.48028225807,1970.779301075269,12.081854838709678,78.33736559139786,33.619623655913976,0.060887096774193544,9.194758064516128,139.94086021505376,2.6508736559139785,184.45274442670697,0.0,184.45274059139786,11.5,2.935483870967742,1.0,2023.0,0.2903225806451613,1.028907883092172,185.48165230979916,10118.703118548387,-9933.221466238589
2023-02-01,174337.8692559524,46743.933601190474,59131.25928571429,18337.908199404763,48192.44639880952,1932.3217857142856,18.482440476190476,60.80952380952381,16.449404761904763,0.0,10.689136904761906,197.5967261904762,3.1101190476190474,229.17131229017858,0.0,229.1713125,11.5,3.0,2.0,2023.0,0.2857142857142857,7.1608396143608335,236.3321519045394,10460.272155357143,-10223.940003452604
2023-03-01,171291.6498252688,42697.72237903226,56291.67337365592,19264.89434139785,51119.83982526881,1917.5197983870967,21.880510752688174,60.755376344086024,38.92607526881721,0.08494623655913978,8.906720430107528,219.4758064516129,2.3570564516129036,210.4090429767742,0.0,210.4090430107527,11.5,3.0,3.0,2023.0,0.25806451612903225,0.7275492813103824,211.1365922580846,10277.498989516129,-10066.362397258043
2023-04-01,181327.0531388889,46418.86170833333,58921.36586111112,22371.992472222224,51608.75819444444,2006.0748194444445,27.078333333333337,38.06805555555555,33.673611111111114,0.0043055555555555555,9.954722222222221,255.05416666666667,2.84375,222.47153475000002,0.0,222.47152222222223,11.5,3.1666666666666665,4.0,2023.0,0.3333333333333333,2.1183879877305287,224.58992273773055,10879.623188333333,-10655.033265595603
2023-05-01,180524.27666666667,51973.611774193545,57250.83475806452,22931.06814516129,46252.769986559135,2115.992190860215,29.50228494623656,45.21236559139785,33.52150537634409,0.0646505376344086,10.598387096774193,243.92069892473117,3.2825403225806453,204.1220823235887,0.0,204.12207526881718,11.5,2.806451612903226,5.0,2023.0,0.25806451612903225,9.748961045473989,213.8710433690627,10831.4566,-10617.585556630936
2023-06-01,193247.75745833333,61209.782333333336,57555.819833333335,24520.865694444445,47665.903750000005,2295.3861944444443,31.099444444444444,59.25,42.96666666666667,0.18944444444444444,10.852638888888889,228.27083333333334,3.5391388888888886,170.23647653375,0.0,170.2364736111111,11.5,3.033333333333333,6.0,2023.0,0.26666666666666666,17.940910164228015,188.177386697978,11594.8654475,-11406.688060802022
2023-07-01,186008.04072580647,62479.04575268817,52001.43338709677,25086.58559139785,43819.196115591396,2621.780255376344,29.034274193548388,82.2486559139785,72.84946236559139,0.5018817204301075,8.666532258064516,210.0483870967742,2.438709677419355,133.81775438830644,0.0,133.8177634408602,11.5,3.064516129032258,7.0,2023.0,0.3225806451612903,1.4075208176615484,135.225275205968,11160.482443548388,-11025.257168342418
2023-08-01,203087.61145161287,68935.03135752688,57488.4452016129,23627.41498655914,50399.993091397846,2636.726599462366,30.33077956989247,68.81720430107526,58.67607526881721,0.09744623655913978,11.478225806451611,232.7459677419355,3.1942338709677416,165.87890631989248,0.0,165.87889784946236,11.5,2.903225806451613,8.0,2023.0,0.25806451612903225,4.673987099355428,170.5528934192479,12185.256687096773,-12014.703793677527
2023-09-01,194958.39530555558,64894.40069444444,57245.48402777778,23470.53275,46619.36079166667,2728.617208333333,29.020000000000003,72.08611111111111,30.8875,0.12444444444444444,9.213055555555554,219.4875,2.90675,178.24087057141665,0.0,178.240875,11.5,3.1,9.0,2023.0,0.3,6.239201139308031,184.4800717107247,11697.503718333332,-11513.023646622607
2023-10-01,184867.84321236558,52162.70768817205,61813.9315188172,20648.89811827957,47957.84994623656,2284.4557795698925,25.280779569892474,57.420698924731184,10.836021505376344,0.021236559139784946,8.791397849462365,198.63172043010752,2.5580510752688173,207.6454775849328,0.0,207.64548790322578,11.5,2.935483870967742,10.0,2023.0,0.2903225806451613,1.0054537221410975,208.6509313070739,11092.070592741935,-10883.419661434862
2023-11-01,165924.50561111112,44462.53208333334,58181.92408333334,17938.415819444446,43448.60866666667,1893.0251944444442,20.150277777777777,70.02777777777777,19.530555555555555,0.017499999999999998,7.280972222222222,148.60972222222222,2.0816944444444445,184.90190039444445,0.0,184.90189444444445,11.5,2.966666666666667,11.0,2023.0,0.26666666666666666,0.12014048163389726,185.02204087607834,9955.470336666665,-9770.448295790588
2023-12-01,165007.15668010752,46400.00268817204,56087.96931451613,17134.25258064516,43464.83252688172,1920.1002688172043,15.334543010752688,74.27016129032258,26.958333333333332,0.0006720430107526882,7.637768817204301,136.91935483870967,2.230685483870968,188.42447782475804,0.0,188.4244758064516,11.5,3.193548387096774,12.0,2023.0,0.3225806451612903,0.7167619068690356,189.1412397316271,9900.429400806452,-9711.288161074825
2024-01-01,179269.98529569892,52545.20420698925,59589.70337365592,18144.016774193547,47052.39201612903,1938.668870967742,10.809543010752689,85.48655913978494,41.86827956989247,0.012231182795698924,6.943010752688172,137.0241935483871,2.1238709677419356,185.75983042245966,0.008064516129032258,185.75981989247313,11.5,2.806451612903226,1.0,2024.0,0.25806451612903225,0.3959053590129356,186.15573578147263,10756.199117741935,-10570.043381960462
2024-02-01,183032.05935344828,48235.411020114945,61457.93685344827,18453.152658045976,52902.57086206897,1982.9876580459768,15.885488505747125,64.78735632183908,28.408045977011493,0.057902298850574706,10.253879310344827,186.95402298850576,2.850344827586207,216.77879527607757,0.0028735632183908046,216.77880172413794,11.5,3.0,2.0,2024.0,0.27586206896551724,4.031148585686581,220.80994386176417,10981.923561206895,-10761.113617345132
2024-03-01,186480.5304704301,46692.29817204302,60853.20247311828,20285.447768817205,56657.34228494623,1992.239623655914,21.90040322580645,49.80779569892473,34.93279569892473,0.025403225806451612,10.488844086021505,234.42876344086022,3.171236559139785,229.51281336294355,0.0013440860215053765,229.51280376344087,11.5,3.193548387096774,3.0,2024.0,0.3225806451612903,3.676664430210776,233.18947779315434,11188.831828225806,-10955.642350432652
2024-04-01,186425.7982361111,46654.95709722222,60834.56377777778,20218.76802777778,56717.065986111105,2000.4431527777779,29.41277777777778,27.011111111111113,40.541666666666664,0.004166666666666667,11.580277777777777,259.4486111111111,3.3468888888888886,222.32279578665276,0.001388888888888889,222.32278333333335,11.5,2.8333333333333335,4.0,2024.0,0.26666666666666666,8.179846189605243,230.50264197625802,11185.547894166666,-10955.045252190408
