period_start,demand_mw_lower,demand_mw_expected,demand_mw_upper,solar_kw_lower,solar_kw_expected,solar_kw_upper,wind_kw_lower,wind_kw_expected,wind_kw_upper
2026-09-30,169851.89293327124,178523.12701191113,187194.36109055096,157.67880136402522,194.99552410401282,235.79531326752488,0.0,0.8643834295751314,18.11277917305535
2026-10-31,126014.11544580056,143893.4292709514,161905.5003372727,135.33798491858428,203.24196242148517,288.3293999179984,6.56532414389632,7.442946099433347,43.271679021879365
2026-11-30,85220.97700923365,113050.65819472099,140880.33938020832,100.37583132269744,194.42470552656386,306.334960489368,0.0,0.28533153783064336,55.642775489737566
2026-12-31,74497.17443787276,109393.88828094273,144290.60212401272,77.73082348083591,190.4257269495277,330.74399231240966,0.0,0.2891231986771648,69.70396369928896
2027-01-31,69931.91612595691,110768.08722870558,151604.25833145424,53.70366498422998,177.00765976646255,356.1456612596037,0.0,0.4681663074610775,81.6974853917826
2027-02-28,61274.78857822897,107052.89568752119,152831.0027968134,54.2322155017097,197.57042617246597,398.379962638767,0.0,2.1575453896075487,93.21712245183247
2027-03-31,56705.973123140946,106933.07804767012,157160.1829721993,53.82171318346229,212.40373258144464,451.06949581807874,0.0,2.786785050809774,102.69609149216859
2027-04-30,50873.01152703075,105322.40989383943,159771.80826064813,37.739956605526295,209.85713115216544,488.5000016710806,0.0,4.9530686601466085,113.26115520328325
2027-05-31,55754.50330651971,114119.45287799016,172484.4024494606,20.895630079055604,197.28757958218296,495.9641888198139,0.0,6.087654565551108,122.1843645179246
2027-06-30,70286.06355321126,132320.84989225524,194355.63623129923,6.223024860587153,182.7009546721147,500.15433566132907,0.0,5.300154931056831,128.69672512327887
2027-07-31,83200.38572403746,148698.43384995314,214196.48197586884,0.0,156.1892366527069,491.3626091329663,0.0,2.488264928678281,132.77378648831686
2027-08-31,83326.65962740754,152166.78956391994,221006.91950043238,0.0,160.75661456905385,513.0300800905468,0.0,4.22028721098022,141.15371484182725
2027-09-30,78908.35581536185,150631.1252283683,222353.8946413747,0.0,163.17330520846772,531.4451355116989,0.0,2.065198372731789,144.73263180084206
